last,buy,sell,mid,timestamp
9193.5,9193.0,9193.5,9193.0,2020-07-02T06:38:08.829Z
9190.5,9190.5,9191.0,9191.0,2020-07-02T06:38:18.415Z
9190.5,9190.5,9191.0,9191.0,2020-07-02T06:38:28.629Z
9190.5,9190.5,9191.0,9191.0,2020-07-02T06:38:39.006Z
9190.5,9190.5,9191.0,9191.0,2020-07-02T06:38:48.931Z
9191.0,9190.5,9191.0,9191.0,2020-07-02T06:38:56.466Z
9190.5,9190.5,9191.0,9191.0,2020-07-02T06:39:06.886Z
9190.5,9190.5,9191.0,9191.0,2020-07-02T06:39:12.227Z
9191.0,9190.5,9191.0,9191.0,2020-07-02T06:39:29.098Z
9191.0,9190.5,9191.0,9191.0,2020-07-02T06:39:38.644Z
9191.0,9190.5,9191.0,9191.0,2020-07-02T06:39:47.814Z
9191.0,9190.5,9191.0,9191.0,2020-07-02T06:39:58.251Z
9191.0,9190.5,9191.0,9191.0,2020-07-02T06:40:09.048Z
9191.0,9190.5,9191.0,9191.0,2020-07-02T06:40:19.075Z
9190.0,9190.0,9190.5,9190.0,2020-07-02T06:40:27.535Z
9190.0,9190.0,9190.5,9190.0,2020-07-02T06:40:38.138Z
9190.5,9190.0,9190.5,9190.0,2020-07-02T06:40:49.418Z
9190.5,9190.0,9190.5,9190.0,2020-07-02T06:40:58.779Z
9190.5,9190.0,9190.5,9190.0,2020-07-02T06:41:08.879Z
9190.5,9190.0,9190.5,9190.0,2020-07-02T06:41:19.542Z
9190.5,9190.0,9190.5,9190.0,2020-07-02T06:41:28.776Z
9190.5,9190.0,9190.5,9190.0,2020-07-02T06:41:39.242Z
9190.5,9190.0,9190.5,9190.0,2020-07-02T06:41:45.000Z
9190.5,9190.0,9190.5,9190.0,2020-07-02T06:41:58.554Z
9190.0,9190.0,9190.5,9190.0,2020-07-02T06:42:08.486Z
9190.5,9190.0,9190.5,9190.0,2020-07-02T06:42:15.000Z
9190.5,9190.0,9190.5,9190.0,2020-07-02T06:42:28.359Z
9190.0,9190.0,9190.5,9190.0,2020-07-02T06:42:39.688Z
9194.5,9194.0,9194.5,9194.0,2020-07-02T06:42:48.976Z
9194.5,9194.0,9194.5,9194.0,2020-07-02T06:42:58.862Z
9195.5,9195.0,9195.5,9195.0,2020-07-02T06:43:09.283Z
9195.5,9195.0,9195.5,9195.0,2020-07-02T06:43:19.539Z
9195.5,9195.0,9195.5,9195.0,2020-07-02T06:43:28.847Z
9195.5,9195.0,9195.5,9195.0,2020-07-02T06:43:38.887Z
9195.5,9195.0,9195.5,9195.0,2020-07-02T06:43:46.658Z
9195.5,9195.0,9195.5,9195.0,2020-07-02T06:43:51.499Z
9195.5,9195.0,9195.5,9195.0,2020-07-02T06:44:07.202Z
9195.5,9195.0,9195.5,9195.0,2020-07-02T06:44:17.187Z
9195.5,9195.0,9195.5,9195.0,2020-07-02T06:44:27.355Z
9195.5,9195.0,9195.5,9195.0,2020-07-02T06:44:36.883Z
9196.5,9196.0,9196.5,9196.0,2020-07-02T06:44:45.671Z
9196.5,9196.0,9196.5,9196.0,2020-07-02T06:44:55.000Z
9196.0,9196.0,9196.5,9196.0,2020-07-02T06:45:09.848Z
9196.0,9196.0,9196.5,9196.0,2020-07-02T06:45:18.876Z
9196.0,9196.0,9196.5,9196.0,2020-07-02T06:45:28.862Z
9196.0,9196.0,9196.5,9196.0,2020-07-02T06:45:39.722Z
9196.0,9196.0,9196.5,9196.0,2020-07-02T06:45:48.666Z
9196.0,9196.0,9196.5,9196.0,2020-07-02T06:45:59.942Z
9196.0,9196.0,9196.5,9196.0,2020-07-02T06:46:08.389Z
9196.0,9196.0,9196.5,9196.0,2020-07-02T06:46:18.756Z
9196.5,9196.0,9196.5,9196.0,2020-07-02T06:46:29.631Z
9196.0,9196.0,9196.5,9196.0,2020-07-02T06:46:38.396Z
9196.0,9196.0,9196.5,9196.0,2020-07-02T06:46:48.374Z
9196.0,9196.0,9196.5,9196.0,2020-07-02T06:46:58.302Z
9196.5,9196.0,9196.5,9196.0,2020-07-02T06:47:10.146Z
9196.0,9196.0,9196.5,9196.0,2020-07-02T06:47:18.458Z
9196.0,9196.0,9196.5,9196.0,2020-07-02T06:47:29.440Z
9196.0,9196.0,9196.5,9196.0,2020-07-02T06:47:39.542Z
9196.0,9196.0,9196.5,9196.0,2020-07-02T06:47:49.418Z
9196.0,9196.0,9196.5,9196.0,2020-07-02T06:47:59.489Z
9196.5,9196.0,9196.5,9196.0,2020-07-02T06:48:09.739Z
9196.0,9196.0,9196.5,9196.0,2020-07-02T06:48:18.408Z
9196.0,9196.0,9196.5,9196.0,2020-07-02T06:48:28.373Z
9196.0,9196.0,9196.5,9196.0,2020-07-02T06:48:38.281Z
9196.0,9196.0,9196.5,9196.0,2020-07-02T06:48:48.268Z
9196.5,9196.0,9196.5,9196.0,2020-07-02T06:48:58.232Z
9196.5,9196.0,9196.5,9196.0,2020-07-02T06:49:08.692Z
9196.0,9196.0,9196.5,9196.0,2020-07-02T06:49:19.997Z
9196.0,9196.0,9196.5,9196.0,2020-07-02T06:49:28.410Z
9196.5,9196.0,9196.5,9196.0,2020-07-02T06:49:35.854Z
9196.5,9196.0,9196.5,9196.0,2020-07-02T06:49:48.301Z
9196.5,9196.0,9196.5,9196.0,2020-07-02T06:49:59.036Z
9196.5,9196.0,9196.5,9196.0,2020-07-02T06:50:08.970Z
9196.0,9196.0,9196.5,9196.0,2020-07-02T06:50:20.036Z
9196.5,9196.0,9196.5,9196.0,2020-07-02T06:50:27.810Z
9196.0,9196.0,9196.5,9196.0,2020-07-02T06:50:35.000Z
9196.0,9196.0,9196.5,9196.0,2020-07-02T06:50:45.000Z
9196.0,9196.0,9196.5,9196.0,2020-07-02T06:50:55.000Z
9196.5,9196.0,9196.5,9196.0,2020-07-02T06:51:02.457Z
9196.0,9196.0,9196.5,9196.0,2020-07-02T06:51:15.524Z
9196.5,9196.0,9196.5,9196.0,2020-07-02T06:51:28.961Z
9196.5,9196.0,9196.5,9196.0,2020-07-02T06:51:31.004Z
9196.5,9196.0,9196.5,9196.0,2020-07-02T06:51:47.217Z
9196.5,9196.0,9196.5,9196.0,2020-07-02T06:51:55.871Z
9196.0,9196.0,9196.5,9196.0,2020-07-02T06:52:10.409Z
9196.5,9196.0,9196.5,9196.0,2020-07-02T06:52:18.494Z
9196.5,9196.0,9196.5,9196.0,2020-07-02T06:52:30.000Z
9196.5,9196.0,9196.5,9196.0,2020-07-02T06:52:40.112Z
9196.5,9196.0,9196.5,9196.0,2020-07-02T06:52:50.526Z
9196.5,9196.0,9196.5,9196.0,2020-07-02T06:53:00.371Z
9196.5,9196.0,9196.5,9196.0,2020-07-02T06:53:10.000Z
9196.5,9196.0,9196.5,9196.0,2020-07-02T06:53:18.619Z
9196.5,9196.0,9196.5,9196.0,2020-07-02T06:53:28.820Z
9197.0,9196.5,9197.0,9197.0,2020-07-02T06:53:40.000Z
9196.5,9196.5,9197.0,9197.0,2020-07-02T06:53:50.163Z
9198.0,9197.0,9197.5,9197.0,2020-07-02T06:54:00.162Z
9198.0,9197.5,9198.0,9198.0,2020-07-02T06:54:05.119Z
9198.0,9197.5,9198.0,9198.0,2020-07-02T06:54:16.015Z
9198.0,9197.5,9198.0,9198.0,2020-07-02T06:54:28.889Z
9198.0,9197.5,9198.0,9198.0,2020-07-02T06:54:40.000Z
9199.0,9198.5,9199.0,9199.0,2020-07-02T06:54:48.876Z
9199.0,9198.5,9199.0,9199.0,2020-07-02T06:55:00.558Z
9200.0,9199.5,9200.0,9200.0,2020-07-02T06:55:10.610Z
9200.0,9200.0,9200.5,9200.0,2020-07-02T06:55:20.000Z
9200.5,9200.0,9200.5,9200.0,2020-07-02T06:55:30.295Z
9200.5,9200.0,9200.5,9200.0,2020-07-02T06:55:40.000Z
9200.5,9200.0,9200.5,9200.0,2020-07-02T06:55:50.000Z
9200.5,9200.0,9200.5,9200.0,2020-07-02T06:56:00.000Z
9200.5,9200.5,9201.0,9201.0,2020-07-02T06:56:06.567Z
9201.0,9200.5,9201.0,9201.0,2020-07-02T06:56:18.529Z
9200.5,9200.5,9201.0,9201.0,2020-07-02T06:56:30.775Z
9201.0,9200.5,9201.0,9201.0,2020-07-02T06:56:36.958Z
9200.5,9200.5,9201.0,9201.0,2020-07-02T06:56:49.212Z
9200.5,9200.5,9201.0,9201.0,2020-07-02T06:57:00.656Z
9201.5,9201.0,9201.5,9201.0,2020-07-02T06:57:10.000Z
9201.0,9201.0,9201.5,9201.0,2020-07-02T06:57:20.584Z
9201.5,9201.0,9201.5,9201.0,2020-07-02T06:57:28.851Z
9202.0,9201.5,9202.0,9202.0,2020-07-02T06:57:39.395Z
9202.0,9201.5,9202.0,9202.0,2020-07-02T06:57:47.838Z
9202.0,9201.5,9202.0,9202.0,2020-07-02T06:57:58.458Z
9202.0,9201.5,9202.0,9202.0,2020-07-02T06:58:10.000Z
9202.0,9201.5,9202.0,9202.0,2020-07-02T06:58:20.838Z
9202.0,9201.5,9202.0,9202.0,2020-07-02T06:58:30.590Z
9201.5,9201.5,9202.0,9202.0,2020-07-02T06:58:40.584Z
9202.0,9201.5,9202.0,9202.0,2020-07-02T06:58:46.548Z
9201.5,9201.5,9202.0,9202.0,2020-07-02T06:59:00.906Z
9201.5,9201.5,9202.0,9202.0,2020-07-02T06:59:10.000Z
9201.5,9201.5,9202.0,9202.0,2020-07-02T06:59:20.000Z
9202.0,9201.5,9202.0,9202.0,2020-07-02T06:59:30.260Z
9201.5,9201.5,9202.0,9202.0,2020-07-02T06:59:40.207Z
9201.5,9201.5,9202.0,9202.0,2020-07-02T06:59:51.400Z
9202.0,9201.5,9202.0,9202.0,2020-07-02T06:59:56.390Z
9200.0,9201.5,9202.0,9202.0,2020-07-02T07:00:11.010Z
9197.0,9197.0,9197.5,9197.0,2020-07-02T07:00:21.185Z
9197.0,9197.0,9197.5,9197.0,2020-07-02T07:00:30.477Z
9197.0,9197.0,9197.5,9197.0,2020-07-02T07:00:40.000Z
9196.5,9196.5,9197.0,9197.0,2020-07-02T07:00:51.045Z
9196.5,9196.5,9197.0,9197.0,2020-07-02T07:01:01.105Z
9196.5,9196.5,9197.0,9197.0,2020-07-02T07:01:08.690Z
9197.0,9196.5,9197.0,9197.0,2020-07-02T07:01:17.754Z
9196.5,9196.5,9197.0,9197.0,2020-07-02T07:01:30.585Z
9197.0,9196.5,9197.0,9197.0,2020-07-02T07:01:40.000Z
9196.5,9196.5,9197.0,9197.0,2020-07-02T07:01:50.000Z
9197.0,9196.5,9197.0,9197.0,2020-07-02T07:02:00.319Z
9196.5,9196.5,9197.0,9197.0,2020-07-02T07:02:10.000Z
9197.0,9196.5,9197.0,9197.0,2020-07-02T07:02:20.000Z
9197.0,9196.5,9197.0,9197.0,2020-07-02T07:02:31.014Z
9197.0,9196.5,9197.0,9197.0,2020-07-02T07:02:40.000Z
9196.5,9196.5,9197.0,9197.0,2020-07-02T07:02:50.629Z
9197.0,9196.5,9197.0,9197.0,2020-07-02T07:02:55.000Z
9197.0,9196.5,9197.0,9197.0,2020-07-02T07:03:10.000Z
9197.0,9196.5,9197.0,9197.0,2020-07-02T07:03:20.166Z
9197.0,9196.5,9197.0,9197.0,2020-07-02T07:03:30.000Z
9196.5,9196.5,9197.0,9197.0,2020-07-02T07:03:40.000Z
9197.0,9196.5,9197.0,9197.0,2020-07-02T07:03:50.000Z
9197.0,9196.5,9197.0,9197.0,2020-07-02T07:04:00.811Z
9197.0,9196.5,9197.0,9197.0,2020-07-02T07:04:10.317Z
9196.5,9196.5,9197.0,9197.0,2020-07-02T07:04:21.133Z
9198.0,9197.5,9198.0,9198.0,2020-07-02T07:04:31.417Z
9199.5,9199.0,9199.5,9199.0,2020-07-02T07:04:37.014Z
9199.5,9199.0,9199.5,9199.0,2020-07-02T07:04:47.931Z
9199.5,9199.0,9199.5,9199.0,2020-07-02T07:05:01.877Z
9199.5,9199.0,9199.5,9199.0,2020-07-02T07:05:10.000Z
9199.5,9199.0,9199.5,9199.0,2020-07-02T07:05:21.804Z
9199.0,9199.0,9199.5,9199.0,2020-07-02T07:05:27.810Z
9200.0,9199.5,9200.0,9200.0,2020-07-02T07:05:40.000Z
9200.0,9199.5,9200.0,9200.0,2020-07-02T07:05:50.000Z
9200.0,9199.5,9200.0,9200.0,2020-07-02T07:06:00.000Z
9199.5,9199.5,9200.0,9200.0,2020-07-02T07:06:10.839Z
9199.5,9199.0,9199.5,9199.0,2020-07-02T07:06:20.628Z
9199.5,9199.0,9199.5,9199.0,2020-07-02T07:06:30.125Z
9201.0,9199.0,9199.5,9199.0,2020-07-02T07:06:41.938Z
9206.0,9205.5,9206.0,9206.0,2020-07-02T07:06:50.225Z
9206.0,9205.5,9206.0,9206.0,2020-07-02T07:06:56.888Z
9206.0,9205.5,9206.0,9206.0,2020-07-02T07:07:10.000Z
9206.0,9205.5,9206.0,9206.0,2020-07-02T07:07:20.000Z
9206.0,9205.5,9206.0,9206.0,2020-07-02T07:07:30.012Z
9206.0,9205.5,9206.0,9206.0,2020-07-02T07:07:40.000Z
9206.0,9205.5,9206.0,9206.0,2020-07-02T07:07:50.000Z
9206.0,9205.5,9206.0,9206.0,2020-07-02T07:08:00.719Z
9208.5,9208.0,9208.5,9208.0,2020-07-02T07:08:10.276Z
9208.5,9208.0,9208.5,9208.0,2020-07-02T07:08:19.024Z
9208.0,9208.0,9208.5,9208.0,2020-07-02T07:08:31.891Z
9208.5,9208.0,9208.5,9208.0,2020-07-02T07:08:40.000Z
9208.0,9208.0,9208.5,9208.0,2020-07-02T07:08:52.131Z
9208.5,9208.0,9208.5,9208.0,2020-07-02T07:09:01.272Z
9208.5,9208.0,9208.5,9208.0,2020-07-02T07:09:01.272Z
9208.0,9208.0,9208.5,9208.0,2020-07-02T07:09:15.576Z
9208.5,9208.0,9208.5,9208.0,2020-07-02T07:09:30.601Z
9208.5,9208.0,9208.5,9208.0,2020-07-02T07:09:40.103Z
9208.0,9208.0,9208.5,9208.0,2020-07-02T07:09:50.026Z
9208.5,9208.0,9208.5,9208.0,2020-07-02T07:10:00.583Z
9208.5,9208.0,9208.5,9208.0,2020-07-02T07:10:11.229Z
9208.0,9208.0,9208.5,9208.0,2020-07-02T07:10:21.690Z
9208.0,9208.0,9208.5,9208.0,2020-07-02T07:10:31.620Z
9208.5,9208.0,9208.5,9208.0,2020-07-02T07:10:41.243Z
9208.5,9208.0,9208.5,9208.0,2020-07-02T07:10:50.923Z
9208.0,9208.0,9208.5,9208.0,2020-07-02T07:11:00.000Z
9208.0,9208.0,9208.5,9208.0,2020-07-02T07:11:05.000Z
9208.0,9208.0,9208.5,9208.0,2020-07-02T07:11:20.000Z
9208.0,9208.0,9208.5,9208.0,2020-07-02T07:11:32.008Z
9208.0,9208.0,9208.5,9208.0,2020-07-02T07:11:42.135Z
9208.0,9208.0,9208.5,9208.0,2020-07-02T07:11:51.011Z
9208.5,9208.0,9208.5,9208.0,2020-07-02T07:12:02.484Z
9208.5,9208.0,9208.5,9208.0,2020-07-02T07:12:12.490Z
9208.5,9208.0,9208.5,9208.0,2020-07-02T07:12:22.476Z
9208.5,9208.0,9208.5,9208.0,2020-07-02T07:12:31.941Z
9208.0,9208.0,9208.5,9208.0,2020-07-02T07:12:40.974Z
9208.0,9208.0,9208.5,9208.0,2020-07-02T07:12:50.000Z
9208.5,9208.0,9208.5,9208.0,2020-07-02T07:13:02.538Z
9208.0,9208.0,9208.5,9208.0,2020-07-02T07:13:11.899Z
9208.0,9208.0,9208.5,9208.0,2020-07-02T07:13:18.198Z
9208.0,9208.0,9208.5,9208.0,2020-07-02T07:13:30.000Z
9208.0,9208.0,9208.5,9208.0,2020-07-02T07:13:40.000Z
9208.0,9208.0,9208.5,9208.0,2020-07-02T07:13:50.000Z
9208.5,9208.0,9208.5,9208.0,2020-07-02T07:14:02.243Z
9208.5,9208.0,9208.5,9208.0,2020-07-02T07:14:10.000Z
9208.5,9208.0,9208.5,9208.0,2020-07-02T07:14:20.867Z
9208.5,9208.0,9208.5,9208.0,2020-07-02T07:14:27.864Z
9208.5,9208.0,9208.5,9208.0,2020-07-02T07:14:40.000Z
9208.5,9208.0,9208.5,9208.0,2020-07-02T07:14:52.148Z
9208.5,9208.0,9208.5,9208.0,2020-07-02T07:15:00.624Z
9208.0,9208.0,9208.5,9208.0,2020-07-02T07:15:10.000Z
9208.5,9208.0,9208.5,9208.0,2020-07-02T07:15:21.958Z
9208.0,9208.0,9208.5,9208.0,2020-07-02T07:15:30.005Z
9208.5,9208.0,9208.5,9208.0,2020-07-02T07:15:42.186Z
9208.0,9208.0,9208.5,9208.0,2020-07-02T07:15:50.294Z
9208.5,9208.0,9208.5,9208.0,2020-07-02T07:16:01.438Z
9208.5,9208.0,9208.5,9208.0,2020-07-02T07:16:12.915Z
9208.0,9208.0,9208.5,9208.0,2020-07-02T07:16:20.862Z
9208.0,9208.0,9208.5,9208.0,2020-07-02T07:16:32.321Z
9208.0,9208.0,9208.5,9208.0,2020-07-02T07:16:42.936Z
9208.0,9208.0,9208.5,9208.0,2020-07-02T07:16:50.133Z
9208.0,9208.0,9208.5,9208.0,2020-07-02T07:17:02.344Z
9208.0,9208.0,9208.5,9208.0,2020-07-02T07:17:07.786Z
9208.0,9208.0,9208.5,9208.0,2020-07-02T07:17:20.069Z
9208.5,9208.0,9208.5,9208.0,2020-07-02T07:17:28.965Z
9208.5,9208.0,9208.5,9208.0,2020-07-02T07:17:41.652Z
9206.0,9207.5,9208.0,9208.0,2020-07-02T07:17:51.978Z
9205.5,9205.5,9206.0,9206.0,2020-07-02T07:18:01.897Z
9205.5,9205.5,9206.0,9206.0,2020-07-02T07:18:12.223Z
9205.5,9205.5,9206.0,9206.0,2020-07-02T07:18:20.630Z
9205.5,9205.5,9206.0,9206.0,2020-07-02T07:18:32.107Z
9206.0,9205.5,9206.0,9206.0,2020-07-02T07:18:40.959Z
9205.5,9205.5,9206.0,9206.0,2020-07-02T07:18:50.000Z
9205.5,9205.5,9206.0,9206.0,2020-07-02T07:19:00.983Z
9206.0,9205.5,9206.0,9206.0,2020-07-02T07:19:12.201Z
9206.0,9205.5,9206.0,9206.0,2020-07-02T07:19:22.852Z
9206.0,9205.5,9206.0,9206.0,2020-07-02T07:19:30.624Z
9205.5,9205.5,9206.0,9206.0,2020-07-02T07:19:42.953Z
9206.0,9205.5,9206.0,9206.0,2020-07-02T07:19:47.762Z
9206.0,9205.5,9206.0,9206.0,2020-07-02T07:20:00.527Z
9205.5,9205.5,9206.0,9206.0,2020-07-02T07:20:11.125Z
9205.5,9205.5,9206.0,9206.0,2020-07-02T07:20:21.622Z
9205.5,9205.5,9206.0,9206.0,2020-07-02T07:20:32.288Z
9205.5,9205.5,9206.0,9206.0,2020-07-02T07:20:41.886Z
9206.0,9205.5,9206.0,9206.0,2020-07-02T07:20:46.846Z
9205.5,9205.5,9206.0,9206.0,2020-07-02T07:21:00.000Z
9205.5,9205.5,9206.0,9206.0,2020-07-02T07:21:10.685Z
9205.5,9205.5,9206.0,9206.0,2020-07-02T07:21:21.292Z
9205.5,9205.5,9206.0,9206.0,2020-07-02T07:21:32.755Z
9205.5,9205.5,9206.0,9206.0,2020-07-02T07:21:42.881Z
9205.5,9205.5,9206.0,9206.0,2020-07-02T07:21:52.043Z
9206.0,9205.5,9206.0,9206.0,2020-07-02T07:22:02.415Z
9205.5,9205.5,9206.0,9206.0,2020-07-02T07:22:12.221Z
9205.5,9205.5,9206.0,9206.0,2020-07-02T07:22:15.000Z
9206.0,9205.5,9206.0,9206.0,2020-07-02T07:22:27.545Z
9206.0,9205.5,9206.0,9206.0,2020-07-02T07:22:42.659Z
9206.0,9205.5,9206.0,9206.0,2020-07-02T07:22:50.000Z
9206.0,9205.5,9206.0,9206.0,2020-07-02T07:22:50.000Z
9205.5,9205.5,9206.0,9206.0,2020-07-02T07:23:13.342Z
9205.5,9205.5,9206.0,9206.0,2020-07-02T07:23:21.431Z
9205.5,9205.5,9206.0,9206.0,2020-07-02T07:23:30.000Z
9205.5,9205.5,9206.0,9206.0,2020-07-02T07:23:41.121Z
9205.5,9205.5,9206.0,9206.0,2020-07-02T07:23:52.562Z
9205.5,9205.5,9206.0,9206.0,2020-07-02T07:24:03.606Z
9205.5,9205.5,9206.0,9206.0,2020-07-02T07:24:12.446Z
9206.0,9205.5,9206.0,9206.0,2020-07-02T07:24:23.585Z
9205.5,9205.5,9206.0,9206.0,2020-07-02T07:24:33.082Z
9205.5,9205.5,9206.0,9206.0,2020-07-02T07:24:38.892Z
9206.0,9205.5,9206.0,9206.0,2020-07-02T07:24:51.624Z
9205.5,9205.5,9206.0,9206.0,2020-07-02T07:25:03.162Z
9206.0,9205.5,9206.0,9206.0,2020-07-02T07:25:11.784Z
9205.5,9205.5,9206.0,9206.0,2020-07-02T07:25:23.712Z
9202.0,9202.0,9202.5,9202.0,2020-07-02T07:25:32.487Z
9202.0,9202.0,9202.5,9202.0,2020-07-02T07:25:38.215Z
9202.5,9202.0,9202.5,9202.0,2020-07-02T07:25:52.003Z
9202.0,9202.0,9202.5,9202.0,2020-07-02T07:26:00.325Z
9202.0,9202.0,9202.5,9202.0,2020-07-02T07:26:12.002Z
9202.0,9202.0,9202.5,9202.0,2020-07-02T07:26:15.000Z
9202.5,9202.0,9202.5,9202.0,2020-07-02T07:26:31.859Z
9202.0,9202.0,9202.5,9202.0,2020-07-02T07:26:42.199Z
9202.0,9202.0,9202.5,9202.0,2020-07-02T07:26:52.826Z
9202.5,9202.0,9202.5,9202.0,2020-07-02T07:27:01.523Z
9202.5,9202.0,9202.5,9202.0,2020-07-02T07:27:09.471Z
9202.0,9202.0,9202.5,9202.0,2020-07-02T07:27:22.759Z
9202.5,9202.0,9202.5,9202.0,2020-07-02T07:27:31.543Z
9202.5,9202.0,9202.5,9202.0,2020-07-02T07:27:40.000Z
9202.5,9202.0,9202.5,9202.0,2020-07-02T07:27:53.358Z
9202.5,9202.0,9202.5,9202.0,2020-07-02T07:28:00.000Z
9202.5,9202.0,9202.5,9202.0,2020-07-02T07:28:10.000Z
9202.0,9202.0,9202.5,9202.0,2020-07-02T07:28:20.080Z
9202.0,9202.0,9202.5,9202.0,2020-07-02T07:28:30.000Z
9202.0,9202.0,9202.5,9202.0,2020-07-02T07:28:40.967Z
9202.0,9202.0,9202.5,9202.0,2020-07-02T07:28:51.541Z
9202.0,9202.0,9202.5,9202.0,2020-07-02T07:29:03.808Z
9202.5,9202.0,9202.5,9202.0,2020-07-02T07:29:05.690Z
9202.5,9202.0,9202.5,9202.0,2020-07-02T07:29:21.035Z
9202.0,9202.0,9202.5,9202.0,2020-07-02T07:29:32.670Z
9202.0,9202.0,9202.5,9202.0,2020-07-02T07:29:43.549Z
9202.5,9202.0,9202.5,9202.0,2020-07-02T07:29:52.455Z
9202.0,9202.0,9202.5,9202.0,2020-07-02T07:30:01.823Z
9202.5,9202.0,9202.5,9202.0,2020-07-02T07:30:11.477Z
9202.5,9202.0,9202.5,9202.0,2020-07-02T07:30:24.181Z
9202.0,9202.0,9202.5,9202.0,2020-07-02T07:30:33.489Z
9202.5,9202.0,9202.5,9202.0,2020-07-02T07:30:44.204Z
9202.0,9202.0,9202.5,9202.0,2020-07-02T07:30:53.742Z
9202.5,9202.0,9202.5,9202.0,2020-07-02T07:31:03.240Z
9202.0,9202.0,9202.5,9202.0,2020-07-02T07:31:13.704Z
9202.0,9202.0,9202.5,9202.0,2020-07-02T07:31:22.811Z
9202.0,9202.0,9202.5,9202.0,2020-07-02T07:31:30.000Z
9202.0,9202.0,9202.5,9202.0,2020-07-02T07:31:42.068Z
9202.5,9202.0,9202.5,9202.0,2020-07-02T07:31:52.866Z
9202.0,9202.0,9202.5,9202.0,2020-07-02T07:32:03.707Z
9202.0,9202.0,9202.5,9202.0,2020-07-02T07:32:14.217Z
9202.5,9202.0,9202.5,9202.0,2020-07-02T07:32:23.168Z
9202.5,9202.0,9202.5,9202.0,2020-07-02T07:32:30.000Z
9202.5,9202.0,9202.5,9202.0,2020-07-02T07:32:43.494Z
9202.0,9202.0,9202.5,9202.0,2020-07-02T07:32:53.904Z
9202.5,9202.0,9202.5,9202.0,2020-07-02T07:33:00.000Z
9202.5,9202.0,9202.5,9202.0,2020-07-02T07:33:11.248Z
9202.5,9202.0,9202.5,9202.0,2020-07-02T07:33:15.249Z
9202.0,9202.0,9202.5,9202.0,2020-07-02T07:33:30.130Z
9202.5,9202.0,9202.5,9202.0,2020-07-02T07:33:43.951Z
9202.5,9202.0,9202.5,9202.0,2020-07-02T07:33:53.547Z
9202.5,9202.0,9202.5,9202.0,2020-07-02T07:34:03.358Z
9202.5,9202.0,9202.5,9202.0,2020-07-02T07:34:07.958Z
9202.0,9202.0,9202.5,9202.0,2020-07-02T07:34:22.398Z
9202.5,9202.0,9202.5,9202.0,2020-07-02T07:34:33.431Z
9202.0,9202.0,9202.5,9202.0,2020-07-02T07:34:43.875Z
9205.0,9204.0,9204.5,9204.0,2020-07-02T07:34:54.188Z
9204.5,9204.5,9205.0,9205.0,2020-07-02T07:35:01.802Z
9205.0,9204.5,9205.0,9205.0,2020-07-02T07:35:13.974Z
9204.5,9204.5,9205.0,9205.0,2020-07-02T07:35:23.644Z
9205.0,9204.5,9205.0,9205.0,2020-07-02T07:35:32.837Z
9205.0,9204.5,9205.0,9205.0,2020-07-02T07:35:43.579Z
9206.0,9205.5,9206.0,9206.0,2020-07-02T07:35:54.668Z
9205.5,9205.5,9206.0,9206.0,2020-07-02T07:36:00.000Z
9205.5,9205.5,9206.0,9206.0,2020-07-02T07:36:13.124Z
9206.0,9205.5,9206.0,9206.0,2020-07-02T07:36:23.320Z
9206.0,9205.5,9206.0,9206.0,2020-07-02T07:36:33.801Z
9206.0,9205.5,9206.0,9206.0,2020-07-02T07:36:43.814Z
9205.5,9205.5,9206.0,9206.0,2020-07-02T07:36:54.764Z
9206.0,9205.5,9206.0,9206.0,2020-07-02T07:37:02.410Z
9206.0,9205.5,9206.0,9206.0,2020-07-02T07:37:14.350Z
9206.0,9205.5,9206.0,9206.0,2020-07-02T07:37:23.061Z
9205.5,9205.5,9206.0,9206.0,2020-07-02T07:37:34.607Z
9205.5,9205.5,9206.0,9206.0,2020-07-02T07:37:44.494Z
9206.0,9205.5,9206.0,9206.0,2020-07-02T07:37:52.066Z
9206.0,9205.5,9206.0,9206.0,2020-07-02T07:38:03.209Z
9206.0,9205.5,9206.0,9206.0,2020-07-02T07:38:11.396Z
9205.5,9205.5,9206.0,9206.0,2020-07-02T07:38:21.373Z
9205.5,9205.5,9206.0,9206.0,2020-07-02T07:38:32.366Z
9205.5,9205.5,9206.0,9206.0,2020-07-02T07:38:40.000Z
9205.5,9205.5,9206.0,9206.0,2020-07-02T07:38:51.540Z
9206.0,9205.5,9206.0,9206.0,2020-07-02T07:39:04.159Z
9205.5,9205.5,9206.0,9206.0,2020-07-02T07:39:13.817Z
9206.0,9205.5,9206.0,9206.0,2020-07-02T07:39:20.985Z
9205.5,9205.5,9206.0,9206.0,2020-07-02T07:39:32.922Z
9205.5,9205.5,9206.0,9206.0,2020-07-02T07:39:44.279Z
9206.0,9205.5,9206.0,9206.0,2020-07-02T07:39:51.461Z
9206.0,9205.5,9206.0,9206.0,2020-07-02T07:40:02.733Z
9206.0,9205.5,9206.0,9206.0,2020-07-02T07:40:12.182Z
9206.0,9205.5,9206.0,9206.0,2020-07-02T07:40:12.182Z
9205.5,9205.5,9206.0,9206.0,2020-07-02T07:40:31.119Z
9206.0,9205.5,9206.0,9206.0,2020-07-02T07:40:43.475Z
9206.0,9205.5,9206.0,9206.0,2020-07-02T07:40:45.000Z
9206.0,9205.5,9206.0,9206.0,2020-07-02T07:41:03.719Z
9206.0,9205.5,9206.0,9206.0,2020-07-02T07:41:14.102Z
9205.5,9205.5,9206.0,9206.0,2020-07-02T07:41:20.610Z
9206.0,9205.5,9206.0,9206.0,2020-07-02T07:41:32.564Z
9206.0,9205.5,9206.0,9206.0,2020-07-02T07:41:43.472Z
9205.5,9205.5,9206.0,9206.0,2020-07-02T07:41:54.464Z
9206.0,9205.5,9206.0,9206.0,2020-07-02T07:42:03.504Z
9206.0,9205.5,9206.0,9206.0,2020-07-02T07:42:14.009Z
9205.5,9205.5,9206.0,9206.0,2020-07-02T07:42:24.113Z
9205.5,9205.5,9206.0,9206.0,2020-07-02T07:42:33.822Z
9206.0,9205.5,9206.0,9206.0,2020-07-02T07:42:45.068Z
9205.5,9205.5,9206.0,9206.0,2020-07-02T07:42:54.760Z
9208.0,9207.5,9208.0,9208.0,2020-07-02T07:43:03.046Z
9208.0,9207.5,9208.0,9208.0,2020-07-02T07:43:13.995Z
9208.0,9207.5,9208.0,9208.0,2020-07-02T07:43:24.092Z
9208.0,9207.5,9208.0,9208.0,2020-07-02T07:43:34.585Z
9207.5,9207.5,9208.0,9208.0,2020-07-02T07:43:42.121Z
9208.0,9208.0,9208.5,9208.0,2020-07-02T07:43:53.436Z
9209.0,9208.5,9209.0,9209.0,2020-07-02T07:44:02.779Z
9209.0,9208.5,9209.0,9209.0,2020-07-02T07:44:11.645Z
9209.0,9208.5,9209.0,9209.0,2020-07-02T07:44:20.738Z
9209.0,9208.5,9209.0,9209.0,2020-07-02T07:44:30.000Z
9209.0,9208.5,9209.0,9209.0,2020-07-02T07:44:41.778Z
9209.0,9208.5,9209.0,9209.0,2020-07-02T07:44:53.729Z
9209.0,9208.5,9209.0,9209.0,2020-07-02T07:45:02.928Z
9209.0,9208.5,9209.0,9209.0,2020-07-02T07:45:14.008Z
9208.5,9208.5,9209.0,9209.0,2020-07-02T07:45:23.151Z
9208.5,9208.5,9209.0,9209.0,2020-07-02T07:45:33.067Z
9208.5,9208.5,9209.0,9209.0,2020-07-02T07:45:41.596Z
9209.0,9208.5,9209.0,9209.0,2020-07-02T07:45:53.026Z
9209.0,9208.5,9209.0,9209.0,2020-07-02T07:46:05.000Z
9209.0,9208.5,9209.0,9209.0,2020-07-02T07:46:05.000Z
9209.0,9208.5,9209.0,9209.0,2020-07-02T07:46:25.000Z
9209.0,9208.5,9209.0,9209.0,2020-07-02T07:46:33.633Z
9209.0,9208.5,9209.0,9209.0,2020-07-02T07:46:43.821Z
9209.0,9208.5,9209.0,9209.0,2020-07-02T07:46:50.519Z
9208.5,9208.5,9209.0,9209.0,2020-07-02T07:47:04.324Z
9209.0,9208.5,9209.0,9209.0,2020-07-02T07:47:15.000Z
9209.0,9208.5,9209.0,9209.0,2020-07-02T07:47:23.022Z
9208.5,9208.5,9209.0,9209.0,2020-07-02T07:47:35.000Z
9209.0,9208.5,9209.0,9209.0,2020-07-02T07:47:45.309Z
9208.5,9208.5,9209.0,9209.0,2020-07-02T07:47:55.000Z
9209.0,9208.5,9209.0,9209.0,2020-07-02T07:48:03.662Z
9209.0,9208.5,9209.0,9209.0,2020-07-02T07:48:15.000Z
9209.0,9208.5,9209.0,9209.0,2020-07-02T07:48:25.000Z
9208.5,9208.5,9209.0,9209.0,2020-07-02T07:48:35.000Z
9209.0,9208.5,9209.0,9209.0,2020-07-02T07:48:43.726Z
9208.5,9208.5,9209.0,9209.0,2020-07-02T07:48:55.646Z
9209.0,9208.5,9209.0,9209.0,2020-07-02T07:49:05.129Z
9208.5,9208.5,9209.0,9209.0,2020-07-02T07:49:12.501Z
9209.0,9208.5,9209.0,9209.0,2020-07-02T07:49:23.748Z
9209.0,9208.5,9209.0,9209.0,2020-07-02T07:49:32.314Z
9209.0,9208.5,9209.0,9209.0,2020-07-02T07:49:42.738Z
9209.0,9208.5,9209.0,9209.0,2020-07-02T07:49:54.621Z
9208.5,9208.5,9209.0,9209.0,2020-07-02T07:50:05.513Z
9209.0,9208.5,9209.0,9209.0,2020-07-02T07:50:15.842Z
9209.0,9208.5,9209.0,9209.0,2020-07-02T07:50:25.722Z
9209.0,9208.5,9209.0,9209.0,2020-07-02T07:50:35.000Z
9208.5,9208.5,9209.0,9209.0,2020-07-02T07:50:44.555Z
9208.5,9208.5,9209.0,9209.0,2020-07-02T07:50:48.396Z
9209.0,9208.5,9209.0,9209.0,2020-07-02T07:51:05.046Z
9209.0,9208.5,9209.0,9209.0,2020-07-02T07:51:11.833Z
9208.5,9208.5,9209.0,9209.0,2020-07-02T07:51:25.615Z
9208.5,9208.5,9209.0,9209.0,2020-07-02T07:51:35.000Z
9209.0,9208.5,9209.0,9209.0,2020-07-02T07:51:45.212Z
9209.0,9208.5,9209.0,9209.0,2020-07-02T07:51:51.545Z
9209.0,9208.5,9209.0,9209.0,2020-07-02T07:52:05.915Z
9208.5,9208.5,9209.0,9209.0,2020-07-02T07:52:15.000Z
9208.5,9208.5,9209.0,9209.0,2020-07-02T07:52:25.000Z
9209.0,9208.5,9209.0,9209.0,2020-07-02T07:52:35.986Z
9208.5,9208.5,9209.0,9209.0,2020-07-02T07:52:45.455Z
9208.5,9208.5,9209.0,9209.0,2020-07-02T07:52:55.000Z
9208.5,9208.5,9209.0,9209.0,2020-07-02T07:53:05.000Z
9208.5,9208.5,9209.0,9209.0,2020-07-02T07:53:13.455Z
9208.5,9208.5,9209.0,9209.0,2020-07-02T07:53:25.688Z
9209.0,9208.5,9209.0,9209.0,2020-07-02T07:53:35.556Z
9208.5,9208.5,9209.0,9209.0,2020-07-02T07:53:45.000Z
9209.0,9208.5,9209.0,9209.0,2020-07-02T07:53:55.928Z
9208.5,9208.5,9209.0,9209.0,2020-07-02T07:54:06.015Z
9208.5,9208.5,9209.0,9209.0,2020-07-02T07:54:15.000Z
9209.0,9208.5,9209.0,9209.0,2020-07-02T07:54:24.018Z
9208.5,9208.5,9209.0,9209.0,2020-07-02T07:54:33.299Z
9209.0,9208.5,9209.0,9209.0,2020-07-02T07:54:45.000Z
9209.0,9208.5,9209.0,9209.0,2020-07-02T07:54:55.000Z
9208.5,9208.5,9209.0,9209.0,2020-07-02T07:55:05.000Z
9209.0,9208.5,9209.0,9209.0,2020-07-02T07:55:15.588Z
9209.0,9208.5,9209.0,9209.0,2020-07-02T07:55:25.000Z
9209.0,9208.5,9209.0,9209.0,2020-07-02T07:55:35.691Z
9208.5,9208.5,9209.0,9209.0,2020-07-02T07:55:44.380Z
9208.5,9208.5,9209.0,9209.0,2020-07-02T07:55:55.000Z
9208.5,9208.5,9209.0,9209.0,2020-07-02T07:56:05.000Z
9208.5,9208.5,9209.0,9209.0,2020-07-02T07:56:05.685Z
9209.0,9208.5,9209.0,9209.0,2020-07-02T07:56:26.156Z
9208.5,9208.5,9209.0,9209.0,2020-07-02T07:56:35.580Z
9208.5,9208.5,9209.0,9209.0,2020-07-02T07:56:45.000Z
9208.5,9208.5,9209.0,9209.0,2020-07-02T07:56:52.764Z
9209.0,9208.5,9209.0,9209.0,2020-07-02T07:57:06.553Z
9208.5,9208.5,9209.0,9209.0,2020-07-02T07:57:15.942Z
9208.5,9208.5,9209.0,9209.0,2020-07-02T07:57:25.000Z
9208.5,9208.5,9209.0,9209.0,2020-07-02T07:57:35.000Z
9209.0,9208.5,9209.0,9209.0,2020-07-02T07:57:45.033Z
9209.0,9208.5,9209.0,9209.0,2020-07-02T07:57:54.798Z
9208.5,9208.5,9209.0,9209.0,2020-07-02T07:58:05.000Z
9209.0,9208.5,9209.0,9209.0,2020-07-02T07:58:13.203Z
9208.5,9208.5,9209.0,9209.0,2020-07-02T07:58:25.000Z
9208.5,9208.5,9209.0,9209.0,2020-07-02T07:58:30.000Z
9208.5,9208.5,9209.0,9209.0,2020-07-02T07:58:36.511Z
9209.0,9208.5,9209.0,9209.0,2020-07-02T07:58:55.000Z
9208.5,9208.5,9209.0,9209.0,2020-07-02T07:59:05.584Z
9208.5,9208.5,9209.0,9209.0,2020-07-02T07:59:15.000Z
9208.5,9208.5,9209.0,9209.0,2020-07-02T07:59:22.804Z
9208.5,9208.5,9209.0,9209.0,2020-07-02T07:59:34.015Z
9208.5,9208.5,9209.0,9209.0,2020-07-02T07:59:46.802Z
9208.5,9208.0,9208.5,9208.0,2020-07-02T07:59:53.929Z
9207.5,9208.0,9208.5,9208.0,2020-07-02T08:00:06.682Z
9207.5,9207.5,9208.0,9208.0,2020-07-02T08:00:13.486Z
9204.5,9205.0,9205.5,9205.0,2020-07-02T08:00:26.639Z
9204.5,9204.0,9204.5,9204.0,2020-07-02T08:00:35.607Z
9204.0,9204.0,9204.5,9204.0,2020-07-02T08:00:45.243Z
9201.0,9201.0,9201.5,9201.0,2020-07-02T08:00:55.000Z
9201.0,9201.0,9201.5,9201.0,2020-07-02T08:01:05.936Z
9201.0,9201.0,9201.5,9201.0,2020-07-02T08:01:15.000Z
9201.0,9201.0,9201.5,9201.0,2020-07-02T08:01:22.630Z
9201.0,9201.0,9201.5,9201.0,2020-07-02T08:01:35.000Z
9201.0,9201.0,9201.5,9201.0,2020-07-02T08:01:45.000Z
9201.0,9201.0,9201.5,9201.0,2020-07-02T08:01:55.000Z
9201.0,9201.0,9201.5,9201.0,2020-07-02T08:02:05.000Z
9201.0,9201.0,9201.5,9201.0,2020-07-02T08:02:10.136Z
9201.0,9201.0,9201.5,9201.0,2020-07-02T08:02:22.806Z
9201.0,9201.0,9201.5,9201.0,2020-07-02T08:02:34.639Z
9201.5,9201.0,9201.5,9201.0,2020-07-02T08:02:46.512Z
9201.0,9201.0,9201.5,9201.0,2020-07-02T08:02:55.305Z
9201.0,9201.0,9201.5,9201.0,2020-07-02T08:03:06.592Z
9201.0,9201.0,9201.5,9201.0,2020-07-02T08:03:16.352Z
9201.5,9201.0,9201.5,9201.0,2020-07-02T08:03:25.878Z
9201.5,9201.0,9201.5,9201.0,2020-07-02T08:03:36.738Z
9201.0,9201.0,9201.5,9201.0,2020-07-02T08:03:45.000Z
9201.5,9201.0,9201.5,9201.0,2020-07-02T08:03:50.000Z
9201.0,9201.0,9201.5,9201.0,2020-07-02T08:04:05.014Z
9201.5,9201.0,9201.5,9201.0,2020-07-02T08:04:15.000Z
9201.0,9201.0,9201.5,9201.0,2020-07-02T08:04:25.000Z
9200.5,9200.5,9201.0,9201.0,2020-07-02T08:04:35.588Z
9200.0,9200.0,9200.5,9200.0,2020-07-02T08:04:45.170Z
9200.0,9199.5,9200.0,9200.0,2020-07-02T08:04:55.000Z
9198.5,9199.5,9200.0,9200.0,2020-07-02T08:05:07.360Z
9196.5,9196.5,9197.0,9197.0,2020-07-02T08:05:17.380Z
9195.0,9196.5,9197.0,9197.0,2020-07-02T08:05:25.846Z
9195.0,9195.0,9195.5,9195.0,2020-07-02T08:05:33.933Z
9194.5,9195.0,9195.5,9195.0,2020-07-02T08:05:46.406Z
9192.5,9192.5,9193.0,9193.0,2020-07-02T08:05:52.905Z
9192.5,9192.5,9193.0,9193.0,2020-07-02T08:06:05.000Z
9192.5,9192.5,9193.0,9193.0,2020-07-02T08:06:15.629Z
9192.5,9192.5,9193.0,9193.0,2020-07-02T08:06:27.171Z
9193.0,9192.5,9193.0,9193.0,2020-07-02T08:06:37.362Z
9193.0,9192.5,9193.0,9193.0,2020-07-02T08:06:44.182Z
9192.5,9192.5,9193.0,9193.0,2020-07-02T08:06:55.594Z
9193.0,9192.5,9193.0,9193.0,2020-07-02T08:07:07.501Z
9193.0,9192.5,9193.0,9193.0,2020-07-02T08:07:16.641Z
9192.5,9192.5,9193.0,9193.0,2020-07-02T08:07:25.951Z
9192.5,9192.5,9193.0,9193.0,2020-07-02T08:07:37.257Z
9193.0,9192.5,9193.0,9193.0,2020-07-02T08:07:46.351Z
9192.5,9192.5,9193.0,9193.0,2020-07-02T08:07:57.660Z
9192.5,9192.5,9193.0,9193.0,2020-07-02T08:08:06.160Z
9192.5,9192.5,9193.0,9193.0,2020-07-02T08:08:15.000Z
9192.5,9192.5,9193.0,9193.0,2020-07-02T08:08:25.000Z
9192.5,9192.5,9193.0,9193.0,2020-07-02T08:08:35.911Z
9192.5,9192.5,9193.0,9193.0,2020-07-02T08:08:40.595Z
9193.0,9192.5,9193.0,9193.0,2020-07-02T08:08:56.578Z
9193.0,9192.5,9193.0,9193.0,2020-07-02T08:09:07.257Z
9193.0,9192.5,9193.0,9193.0,2020-07-02T08:09:13.767Z
9193.0,9192.5,9193.0,9193.0,2020-07-02T08:09:25.436Z
9193.0,9192.5,9193.0,9193.0,2020-07-02T08:09:33.026Z
9192.5,9192.5,9193.0,9193.0,2020-07-02T08:09:47.250Z
9192.5,9192.5,9193.0,9193.0,2020-07-02T08:09:54.782Z
9192.5,9192.5,9193.0,9193.0,2020-07-02T08:10:05.861Z
9192.5,9192.5,9193.0,9193.0,2020-07-02T08:10:15.000Z
9192.5,9192.5,9193.0,9193.0,2020-07-02T08:10:26.124Z
9193.0,9192.5,9193.0,9193.0,2020-07-02T08:10:36.522Z
9193.0,9192.5,9193.0,9193.0,2020-07-02T08:10:45.000Z
9193.0,9192.5,9193.0,9193.0,2020-07-02T08:10:57.898Z
9192.5,9192.5,9193.0,9193.0,2020-07-02T08:11:07.658Z
9192.5,9192.5,9193.0,9193.0,2020-07-02T08:11:17.108Z
9192.5,9192.5,9193.0,9193.0,2020-07-02T08:11:28.018Z
9192.5,9192.5,9193.0,9193.0,2020-07-02T08:11:36.316Z
9192.5,9192.5,9193.0,9193.0,2020-07-02T08:11:47.283Z
9193.0,9192.5,9193.0,9193.0,2020-07-02T08:11:58.103Z
9193.0,9192.5,9193.0,9193.0,2020-07-02T08:12:07.551Z
9192.5,9192.5,9193.0,9193.0,2020-07-02T08:12:15.000Z
9193.0,9192.5,9193.0,9193.0,2020-07-02T08:12:20.000Z
9192.5,9192.5,9193.0,9193.0,2020-07-02T08:12:35.445Z
9192.5,9192.5,9193.0,9193.0,2020-07-02T08:12:47.680Z
9192.5,9192.5,9193.0,9193.0,2020-07-02T08:12:57.692Z
9192.5,9192.5,9193.0,9193.0,2020-07-02T08:13:05.680Z
9192.5,9192.5,9193.0,9193.0,2020-07-02T08:13:17.334Z
9192.5,9192.5,9193.0,9193.0,2020-07-02T08:13:26.049Z
9192.5,9192.5,9193.0,9193.0,2020-07-02T08:13:35.000Z
9193.0,9192.5,9193.0,9193.0,2020-07-02T08:13:47.506Z
9193.0,9192.5,9193.0,9193.0,2020-07-02T08:13:50.000Z
9193.0,9192.5,9193.0,9193.0,2020-07-02T08:14:05.435Z
9193.0,9192.5,9193.0,9193.0,2020-07-02T08:14:15.000Z
9192.5,9192.5,9193.0,9193.0,2020-07-02T08:14:25.530Z
9192.5,9192.5,9193.0,9193.0,2020-07-02T08:14:36.327Z
9192.5,9192.5,9193.0,9193.0,2020-07-02T08:14:45.000Z
9193.0,9192.5,9193.0,9193.0,2020-07-02T08:14:58.170Z
9193.0,9192.5,9193.0,9193.0,2020-07-02T08:15:07.762Z
9193.0,9192.5,9193.0,9193.0,2020-07-02T08:15:18.144Z
9192.5,9192.5,9193.0,9193.0,2020-07-02T08:15:27.286Z
9193.0,9192.5,9193.0,9193.0,2020-07-02T08:15:38.152Z
9193.0,9192.5,9193.0,9193.0,2020-07-02T08:15:40.000Z
9193.0,9192.5,9193.0,9193.0,2020-07-02T08:15:52.816Z
9193.0,9192.5,9193.0,9193.0,2020-07-02T08:16:08.227Z
9193.0,9192.5,9193.0,9193.0,2020-07-02T08:16:16.045Z
9192.5,9192.5,9193.0,9193.0,2020-07-02T08:16:20.982Z
9193.0,9192.5,9193.0,9193.0,2020-07-02T08:16:35.686Z
9193.0,9192.5,9193.0,9193.0,2020-07-02T08:16:46.969Z
9193.0,9192.5,9193.0,9193.0,2020-07-02T08:16:50.000Z
9192.5,9192.5,9193.0,9193.0,2020-07-02T08:17:05.157Z
9193.0,9192.5,9193.0,9193.0,2020-07-02T08:17:17.912Z
9193.0,9192.5,9193.0,9193.0,2020-07-02T08:17:26.023Z
9193.0,9192.5,9193.0,9193.0,2020-07-02T08:17:36.145Z
9192.5,9192.5,9193.0,9193.0,2020-07-02T08:17:48.527Z
9192.5,9192.5,9193.0,9193.0,2020-07-02T08:17:56.066Z
9193.0,9192.5,9193.0,9193.0,2020-07-02T08:18:08.335Z
9193.0,9192.5,9193.0,9193.0,2020-07-02T08:18:15.000Z
9193.0,9192.5,9193.0,9193.0,2020-07-02T08:18:22.337Z
9193.0,9192.5,9193.0,9193.0,2020-07-02T08:18:30.000Z
9193.0,9192.5,9193.0,9193.0,2020-07-02T08:18:48.614Z
9193.0,9192.5,9193.0,9193.0,2020-07-02T08:18:55.000Z
9192.5,9192.5,9193.0,9193.0,2020-07-02T08:19:06.367Z
9193.0,9192.5,9193.0,9193.0,2020-07-02T08:19:15.000Z
9193.0,9192.5,9193.0,9193.0,2020-07-02T08:19:28.381Z
9193.0,9192.5,9193.0,9193.0,2020-07-02T08:19:36.557Z
9193.0,9192.5,9193.0,9193.0,2020-07-02T08:19:47.077Z
9193.0,9192.5,9193.0,9193.0,2020-07-02T08:19:55.000Z
9192.5,9192.5,9193.0,9193.0,2020-07-02T08:20:05.000Z
9193.0,9192.5,9193.0,9193.0,2020-07-02T08:20:17.030Z
9192.5,9192.5,9193.0,9193.0,2020-07-02T08:20:28.397Z
9192.5,9192.5,9193.0,9193.0,2020-07-02T08:20:36.590Z
9192.5,9192.5,9193.0,9193.0,2020-07-02T08:20:47.634Z
9192.5,9192.5,9193.0,9193.0,2020-07-02T08:20:53.065Z
9192.5,9192.5,9193.0,9193.0,2020-07-02T08:21:05.000Z
9192.5,9192.5,9193.0,9193.0,2020-07-02T08:21:16.618Z
9193.0,9192.5,9193.0,9193.0,2020-07-02T08:21:27.458Z
9192.5,9192.5,9193.0,9193.0,2020-07-02T08:21:38.444Z
9192.5,9192.5,9193.0,9193.0,2020-07-02T08:21:46.974Z
9192.5,9192.5,9193.0,9193.0,2020-07-02T08:21:50.000Z
9192.5,9192.5,9193.0,9193.0,2020-07-02T08:22:08.041Z
9192.5,9192.5,9193.0,9193.0,2020-07-02T08:22:18.652Z
9192.5,9192.5,9193.0,9193.0,2020-07-02T08:22:22.754Z
9193.0,9192.5,9193.0,9193.0,2020-07-02T08:22:30.464Z
9192.5,9192.5,9193.0,9193.0,2020-07-02T08:22:45.043Z
9193.0,9192.5,9193.0,9193.0,2020-07-02T08:22:58.553Z
9193.0,9192.5,9193.0,9193.0,2020-07-02T08:23:05.602Z
9192.5,9192.5,9193.0,9193.0,2020-07-02T08:23:15.647Z
9192.5,9192.5,9193.0,9193.0,2020-07-02T08:23:26.054Z
9192.5,9192.5,9193.0,9193.0,2020-07-02T08:23:30.000Z
9192.5,9192.5,9193.0,9193.0,2020-07-02T08:23:50.000Z
9192.5,9192.5,9193.0,9193.0,2020-07-02T08:24:00.000Z
9192.5,9192.5,9193.0,9193.0,2020-07-02T08:24:07.911Z
9192.5,9192.5,9193.0,9193.0,2020-07-02T08:24:19.491Z
9192.5,9192.5,9193.0,9193.0,2020-07-02T08:24:30.000Z
9192.5,9192.5,9193.0,9193.0,2020-07-02T08:24:37.746Z
9192.5,9192.5,9193.0,9193.0,2020-07-02T08:24:47.613Z
9193.0,9192.5,9193.0,9193.0,2020-07-02T08:25:00.460Z
9193.0,9192.5,9193.0,9193.0,2020-07-02T08:25:09.088Z
9192.5,9192.5,9193.0,9193.0,2020-07-02T08:25:20.272Z
9192.5,9192.5,9193.0,9193.0,2020-07-02T08:25:30.311Z
9193.0,9192.5,9193.0,9193.0,2020-07-02T08:25:40.000Z
9192.5,9192.5,9193.0,9193.0,2020-07-02T08:25:50.000Z
9192.5,9192.5,9193.0,9193.0,2020-07-02T08:26:00.000Z
9192.5,9192.5,9193.0,9193.0,2020-07-02T08:26:08.817Z
9192.5,9192.5,9193.0,9193.0,2020-07-02T08:26:20.000Z
9192.5,9192.5,9193.0,9193.0,2020-07-02T08:26:28.764Z
9192.5,9192.5,9193.0,9193.0,2020-07-02T08:26:37.689Z
9192.5,9192.5,9193.0,9193.0,2020-07-02T08:26:46.255Z
9192.5,9192.5,9193.0,9193.0,2020-07-02T08:26:57.483Z
9192.5,9192.5,9193.0,9193.0,2020-07-02T08:27:09.164Z
9192.5,9192.5,9193.0,9193.0,2020-07-02T08:27:20.301Z
9190.0,9190.0,9190.5,9190.0,2020-07-02T08:27:29.813Z
9190.0,9190.0,9190.5,9190.0,2020-07-02T08:27:40.000Z
9189.5,9189.5,9190.0,9190.0,2020-07-02T08:27:48.444Z
9189.5,9189.5,9190.0,9190.0,2020-07-02T08:27:58.755Z
9189.5,9189.5,9190.0,9190.0,2020-07-02T08:28:06.580Z
9189.5,9189.5,9190.0,9190.0,2020-07-02T08:28:18.222Z
9190.0,9189.5,9190.0,9190.0,2020-07-02T08:28:26.414Z
9190.0,9189.5,9190.0,9190.0,2020-07-02T08:28:40.068Z
9189.5,9189.5,9190.0,9190.0,2020-07-02T08:28:47.650Z
9189.5,9189.5,9190.0,9190.0,2020-07-02T08:29:00.000Z
9189.5,9189.5,9190.0,9190.0,2020-07-02T08:29:10.000Z
9189.5,9189.5,9190.0,9190.0,2020-07-02T08:29:20.325Z
9189.5,9189.5,9190.0,9190.0,2020-07-02T08:29:30.000Z
9189.5,9189.5,9190.0,9190.0,2020-07-02T08:29:40.525Z
9189.5,9189.5,9190.0,9190.0,2020-07-02T08:29:50.537Z
9189.5,9189.5,9190.0,9190.0,2020-07-02T08:30:00.820Z
9187.5,9187.5,9188.0,9188.0,2020-07-02T08:30:10.994Z
9187.5,9187.0,9187.5,9187.0,2020-07-02T08:30:20.218Z
9187.0,9187.0,9187.5,9187.0,2020-07-02T08:30:30.000Z
9187.5,9187.0,9187.5,9187.0,2020-07-02T08:30:40.004Z
9187.0,9187.0,9187.5,9187.0,2020-07-02T08:30:50.000Z
9187.0,9187.0,9187.5,9187.0,2020-07-02T08:31:00.604Z
9187.0,9187.0,9187.5,9187.0,2020-07-02T08:31:05.499Z
9187.0,9187.0,9187.5,9187.0,2020-07-02T08:31:20.000Z
9187.5,9187.0,9187.5,9187.0,2020-07-02T08:31:30.349Z
9187.0,9187.0,9187.5,9187.0,2020-07-02T08:31:39.493Z
9187.5,9187.0,9187.5,9187.0,2020-07-02T08:31:50.000Z
9187.5,9187.0,9187.5,9187.0,2020-07-02T08:31:56.904Z
9187.5,9187.0,9187.5,9187.0,2020-07-02T08:32:10.511Z
9187.5,9187.0,9187.5,9187.0,2020-07-02T08:32:20.075Z
9187.5,9187.0,9187.5,9187.0,2020-07-02T08:32:27.014Z
9187.5,9187.0,9187.5,9187.0,2020-07-02T08:32:40.183Z
9187.5,9187.0,9187.5,9187.0,2020-07-02T08:32:50.000Z
9187.5,9187.0,9187.5,9187.0,2020-07-02T08:32:55.000Z
9187.0,9187.0,9187.5,9187.0,2020-07-02T08:33:08.927Z
9187.0,9187.0,9187.5,9187.0,2020-07-02T08:33:15.000Z
9187.0,9187.0,9187.5,9187.0,2020-07-02T08:33:30.807Z
9187.0,9187.0,9187.5,9187.0,2020-07-02T08:33:40.000Z
9187.5,9187.0,9187.5,9187.0,2020-07-02T08:33:50.576Z
9187.5,9187.0,9187.5,9187.0,2020-07-02T08:34:00.000Z
9187.5,9187.0,9187.5,9187.0,2020-07-02T08:34:06.432Z
9187.5,9187.0,9187.5,9187.0,2020-07-02T08:34:20.000Z
9187.0,9187.0,9187.5,9187.0,2020-07-02T08:34:27.448Z
9187.0,9187.0,9187.5,9187.0,2020-07-02T08:34:41.435Z
9187.0,9187.0,9187.5,9187.0,2020-07-02T08:34:45.000Z
9187.5,9187.0,9187.5,9187.0,2020-07-02T08:35:00.470Z
9187.0,9187.0,9187.5,9187.0,2020-07-02T08:35:10.000Z
9187.0,9187.0,9187.5,9187.0,2020-07-02T08:35:12.713Z
9187.0,9187.0,9187.5,9187.0,2020-07-02T08:35:31.191Z
9187.0,9187.0,9187.5,9187.0,2020-07-02T08:35:40.741Z
9187.0,9187.0,9187.5,9187.0,2020-07-02T08:35:50.000Z
9187.0,9187.0,9187.5,9187.0,2020-07-02T08:35:55.000Z
9187.0,9187.0,9187.5,9187.0,2020-07-02T08:36:10.000Z
9187.0,9187.0,9187.5,9187.0,2020-07-02T08:36:15.000Z
9187.0,9187.0,9187.5,9187.0,2020-07-02T08:36:30.000Z
9187.0,9187.0,9187.5,9187.0,2020-07-02T08:36:41.015Z
9187.0,9187.0,9187.5,9187.0,2020-07-02T08:36:50.000Z
9187.0,9187.0,9187.5,9187.0,2020-07-02T08:37:00.000Z
9187.0,9187.0,9187.5,9187.0,2020-07-02T08:37:11.058Z
9187.5,9187.0,9187.5,9187.0,2020-07-02T08:37:20.587Z
9187.0,9187.0,9187.5,9187.0,2020-07-02T08:37:30.638Z
9187.0,9187.0,9187.5,9187.0,2020-07-02T08:37:40.617Z
9187.0,9187.0,9187.5,9187.0,2020-07-02T08:37:45.041Z
9187.0,9187.0,9187.5,9187.0,2020-07-02T08:38:00.000Z
9187.0,9187.0,9187.5,9187.0,2020-07-02T08:38:10.000Z
9187.0,9187.0,9187.5,9187.0,2020-07-02T08:38:21.463Z
9187.5,9187.0,9187.5,9187.0,2020-07-02T08:38:30.500Z
9187.0,9187.0,9187.5,9187.0,2020-07-02T08:38:41.201Z
9187.0,9187.0,9187.5,9187.0,2020-07-02T08:38:48.752Z
9187.0,9187.0,9187.5,9187.0,2020-07-02T08:39:00.000Z
9187.0,9187.0,9187.5,9187.0,2020-07-02T08:39:11.387Z
9187.5,9187.0,9187.5,9187.0,2020-07-02T08:39:21.195Z
9187.0,9187.0,9187.5,9187.0,2020-07-02T08:39:31.286Z
9187.0,9187.0,9187.5,9187.0,2020-07-02T08:39:38.070Z
9187.0,9187.0,9187.5,9187.0,2020-07-02T08:39:48.540Z
9187.5,9187.0,9187.5,9187.0,2020-07-02T08:40:00.632Z
9187.0,9187.0,9187.5,9187.0,2020-07-02T08:40:06.115Z
9187.0,9187.0,9187.5,9187.0,2020-07-02T08:40:15.472Z
9187.0,9187.0,9187.5,9187.0,2020-07-02T08:40:26.109Z
9187.0,9187.0,9187.5,9187.0,2020-07-02T08:40:37.272Z
9187.0,9187.0,9187.5,9187.0,2020-07-02T08:40:47.930Z
9187.0,9187.0,9187.5,9187.0,2020-07-02T08:40:57.151Z
9187.0,9187.0,9187.5,9187.0,2020-07-02T08:41:10.781Z
9187.0,9187.0,9187.5,9187.0,2020-07-02T08:41:20.000Z
9187.0,9187.0,9187.5,9187.0,2020-07-02T08:41:30.000Z
9187.0,9187.0,9187.5,9187.0,2020-07-02T08:41:40.856Z
9187.0,9187.0,9187.5,9187.0,2020-07-02T08:41:48.276Z
9187.0,9187.0,9187.5,9187.0,2020-07-02T08:42:00.000Z
9187.0,9187.0,9187.5,9187.0,2020-07-02T08:42:10.205Z
9187.0,9187.0,9187.5,9187.0,2020-07-02T08:42:20.675Z
9186.5,9186.5,9187.0,9187.0,2020-07-02T08:42:28.267Z
9186.0,9185.5,9186.0,9186.0,2020-07-02T08:42:41.325Z
9186.0,9185.5,9186.0,9186.0,2020-07-02T08:42:48.454Z
9185.5,9185.5,9186.0,9186.0,2020-07-02T08:43:00.488Z
9185.5,9185.5,9186.0,9186.0,2020-07-02T08:43:10.604Z
9185.5,9185.5,9186.0,9186.0,2020-07-02T08:43:20.000Z
9179.5,9180.0,9180.5,9180.0,2020-07-02T08:43:31.575Z
9178.5,9178.0,9178.5,9178.0,2020-07-02T08:43:37.715Z
9178.5,9178.0,9178.5,9178.0,2020-07-02T08:43:50.725Z
9178.5,9178.0,9178.5,9178.0,2020-07-02T08:44:00.966Z
9178.0,9178.0,9178.5,9178.0,2020-07-02T08:44:10.638Z
9178.0,9178.0,9178.5,9178.0,2020-07-02T08:44:22.338Z
9178.5,9178.0,9178.5,9178.0,2020-07-02T08:44:32.100Z
9178.0,9178.0,9178.5,9178.0,2020-07-02T08:44:35.974Z
9178.5,9178.0,9178.5,9178.0,2020-07-02T08:44:50.210Z
9178.5,9178.0,9178.5,9178.0,2020-07-02T08:45:01.664Z
9178.0,9178.0,9178.5,9178.0,2020-07-02T08:45:10.000Z
9177.0,9178.0,9178.5,9178.0,2020-07-02T08:45:22.390Z
9172.5,9167.0,9167.5,9167.0,2020-07-02T08:45:32.475Z
9175.0,9174.5,9175.0,9175.0,2020-07-02T08:45:42.268Z
9175.0,9174.5,9175.0,9175.0,2020-07-02T08:45:50.215Z
9175.0,9174.5,9175.0,9175.0,2020-07-02T08:46:00.286Z
9175.5,9175.0,9175.5,9175.0,2020-07-02T08:46:08.920Z
9175.5,9175.0,9175.5,9175.0,2020-07-02T08:46:20.815Z
9175.5,9175.0,9175.5,9175.0,2020-07-02T08:46:31.398Z
9175.0,9175.0,9175.5,9175.0,2020-07-02T08:46:40.071Z
9175.5,9175.0,9175.5,9175.0,2020-07-02T08:46:52.500Z
9175.0,9175.0,9175.5,9175.0,2020-07-02T08:47:01.850Z
9175.0,9175.0,9175.5,9175.0,2020-07-02T08:47:10.000Z
9175.5,9175.0,9175.5,9175.0,2020-07-02T08:47:22.214Z
9175.5,9175.0,9175.5,9175.0,2020-07-02T08:47:32.207Z
9175.5,9175.0,9175.5,9175.0,2020-07-02T08:47:37.283Z
9177.0,9175.0,9175.5,9175.0,2020-07-02T08:47:50.309Z
9177.5,9176.5,9177.0,9177.0,2020-07-02T08:48:02.433Z
9177.0,9177.0,9177.5,9177.0,2020-07-02T08:48:11.332Z
9178.0,9177.5,9178.0,9178.0,2020-07-02T08:48:22.223Z
9177.5,9177.5,9178.0,9178.0,2020-07-02T08:48:32.157Z
9182.5,9177.5,9178.0,9178.0,2020-07-02T08:48:42.049Z
9185.5,9182.0,9182.5,9182.0,2020-07-02T08:48:51.215Z
9185.0,9185.0,9185.5,9185.0,2020-07-02T08:49:01.546Z
9188.0,9187.5,9188.0,9188.0,2020-07-02T08:49:10.260Z
9190.0,9189.5,9190.0,9190.0,2020-07-02T08:49:20.235Z
9192.0,9191.5,9192.0,9192.0,2020-07-02T08:49:30.849Z
9195.5,9195.5,9196.0,9196.0,2020-07-02T08:49:42.783Z
9196.0,9195.5,9196.0,9196.0,2020-07-02T08:49:52.422Z
9196.0,9195.5,9196.0,9196.0,2020-07-02T08:50:00.119Z
9195.5,9195.5,9196.0,9196.0,2020-07-02T08:50:10.000Z
9196.0,9195.5,9196.0,9196.0,2020-07-02T08:50:22.725Z
9198.0,9197.5,9198.0,9198.0,2020-07-02T08:50:32.620Z
9199.0,9198.5,9199.0,9199.0,2020-07-02T08:50:40.000Z
9199.0,9198.5,9199.0,9199.0,2020-07-02T08:50:52.154Z
9199.0,9198.5,9199.0,9199.0,2020-07-02T08:51:00.000Z
9199.0,9198.5,9199.0,9199.0,2020-07-02T08:51:09.367Z
9198.5,9198.5,9199.0,9199.0,2020-07-02T08:51:21.294Z
9202.5,9198.5,9199.0,9199.0,2020-07-02T08:51:32.023Z
9202.0,9202.0,9202.5,9202.0,2020-07-02T08:51:40.118Z
9202.0,9202.0,9202.5,9202.0,2020-07-02T08:51:52.937Z
9202.5,9202.0,9202.5,9202.0,2020-07-02T08:52:02.654Z
9202.5,9202.0,9202.5,9202.0,2020-07-02T08:52:11.353Z
9202.0,9202.0,9202.5,9202.0,2020-07-02T08:52:20.631Z
9202.5,9202.0,9202.5,9202.0,2020-07-02T08:52:31.595Z
9202.5,9202.0,9202.5,9202.0,2020-07-02T08:52:40.000Z
9202.5,9202.0,9202.5,9202.0,2020-07-02T08:52:50.000Z
9202.5,9202.0,9202.5,9202.0,2020-07-02T08:53:02.409Z
9202.0,9202.0,9202.5,9202.0,2020-07-02T08:53:12.584Z
9202.0,9202.0,9202.5,9202.0,2020-07-02T08:53:17.164Z
9202.5,9202.0,9202.5,9202.0,2020-07-02T08:53:30.080Z
9202.5,9202.0,9202.5,9202.0,2020-07-02T08:53:40.298Z
9202.0,9202.0,9202.5,9202.0,2020-07-02T08:53:50.000Z
9202.5,9202.0,9202.5,9202.0,2020-07-02T08:54:02.851Z
9202.5,9202.0,9202.5,9202.0,2020-07-02T08:54:10.000Z
9202.5,9202.0,9202.5,9202.0,2020-07-02T08:54:22.379Z
9202.5,9202.0,9202.5,9202.0,2020-07-02T08:54:30.581Z
9202.5,9202.0,9202.5,9202.0,2020-07-02T08:54:41.748Z
9202.5,9202.0,9202.5,9202.0,2020-07-02T08:54:50.000Z
9202.0,9202.0,9202.5,9202.0,2020-07-02T08:55:01.004Z
9202.0,9202.0,9202.5,9202.0,2020-07-02T08:55:13.086Z
9202.0,9202.0,9202.5,9202.0,2020-07-02T08:55:22.429Z
9202.0,9202.0,9202.5,9202.0,2020-07-02T08:55:33.236Z
9203.0,9202.5,9203.0,9203.0,2020-07-02T08:55:43.021Z
9204.5,9204.0,9204.5,9204.0,2020-07-02T08:55:51.251Z
9204.5,9204.0,9204.5,9204.0,2020-07-02T08:56:02.009Z
9205.0,9204.0,9204.5,9204.0,2020-07-02T08:56:11.162Z
9210.0,9205.0,9205.5,9205.0,2020-07-02T08:56:22.563Z
9210.0,9209.5,9210.0,9210.0,2020-07-02T08:56:33.286Z
9209.0,9209.5,9210.0,9210.0,2020-07-02T08:56:43.417Z
9209.5,9209.0,9209.5,9209.0,2020-07-02T08:56:53.138Z
9209.5,9209.0,9209.5,9209.0,2020-07-02T08:57:03.355Z
9207.0,9209.0,9209.5,9209.0,2020-07-02T08:57:12.019Z
9207.0,9207.0,9207.5,9207.0,2020-07-02T08:57:22.181Z
9207.5,9207.0,9207.5,9207.0,2020-07-02T08:57:27.936Z
9207.5,9207.0,9207.5,9207.0,2020-07-02T08:57:42.257Z
9207.5,9207.0,9207.5,9207.0,2020-07-02T08:57:52.041Z
9207.5,9207.0,9207.5,9207.0,2020-07-02T08:58:00.000Z
9207.5,9207.0,9207.5,9207.0,2020-07-02T08:58:12.740Z
9207.5,9207.0,9207.5,9207.0,2020-07-02T08:58:20.000Z
9207.0,9207.0,9207.5,9207.0,2020-07-02T08:58:32.032Z
9207.0,9207.0,9207.5,9207.0,2020-07-02T08:58:39.861Z
9207.0,9207.0,9207.5,9207.0,2020-07-02T08:58:50.276Z
9207.0,9207.0,9207.5,9207.0,2020-07-02T08:59:01.491Z
9207.0,9207.0,9207.5,9207.0,2020-07-02T08:59:13.473Z
9207.5,9207.0,9207.5,9207.0,2020-07-02T08:59:23.431Z
9207.0,9207.0,9207.5,9207.0,2020-07-02T08:59:26.043Z
9207.5,9207.0,9207.5,9207.0,2020-07-02T08:59:43.284Z
9207.0,9207.0,9207.5,9207.0,2020-07-02T08:59:50.940Z
9207.0,9207.0,9207.5,9207.0,2020-07-02T08:59:58.053Z
9207.0,9207.0,9207.5,9207.0,2020-07-02T09:00:13.266Z
9207.0,9207.0,9207.5,9207.0,2020-07-02T09:00:20.102Z
9207.5,9207.0,9207.5,9207.0,2020-07-02T09:00:30.000Z
9207.0,9207.0,9207.5,9207.0,2020-07-02T09:00:42.047Z
9207.0,9207.0,9207.5,9207.0,2020-07-02T09:00:51.920Z
9206.0,9207.0,9207.5,9207.0,2020-07-02T09:01:02.786Z
9206.0,9206.0,9206.5,9206.0,2020-07-02T09:01:11.768Z
9206.0,9206.0,9206.5,9206.0,2020-07-02T09:01:22.365Z
9206.5,9206.0,9206.5,9206.0,2020-07-02T09:01:33.139Z
9206.0,9206.0,9206.5,9206.0,2020-07-02T09:01:42.303Z
9205.5,9206.0,9206.5,9206.0,2020-07-02T09:01:53.805Z
9205.0,9205.0,9205.5,9205.0,2020-07-02T09:02:02.571Z
9205.5,9205.0,9205.5,9205.0,2020-07-02T09:02:13.647Z
9205.0,9205.0,9205.5,9205.0,2020-07-02T09:02:22.581Z
9205.5,9205.0,9205.5,9205.0,2020-07-02T09:02:32.444Z
9205.0,9205.0,9205.5,9205.0,2020-07-02T09:02:39.209Z
9205.0,9205.0,9205.5,9205.0,2020-07-02T09:02:50.752Z
9205.5,9205.0,9205.5,9205.0,2020-07-02T09:03:00.843Z
9205.5,9205.0,9205.5,9205.0,2020-07-02T09:03:10.000Z
9205.5,9205.0,9205.5,9205.0,2020-07-02T09:03:20.000Z
9205.5,9205.0,9205.5,9205.0,2020-07-02T09:03:31.168Z
9205.5,9205.0,9205.5,9205.0,2020-07-02T09:03:43.614Z
9205.5,9205.0,9205.5,9205.0,2020-07-02T09:03:54.137Z
9205.5,9205.0,9205.5,9205.0,2020-07-02T09:04:03.748Z
9205.0,9205.0,9205.5,9205.0,2020-07-02T09:04:13.651Z
9205.5,9205.0,9205.5,9205.0,2020-07-02T09:04:20.802Z
9205.5,9205.0,9205.5,9205.0,2020-07-02T09:04:33.415Z
9205.5,9205.0,9205.5,9205.0,2020-07-02T09:04:43.360Z
9205.5,9205.0,9205.5,9205.0,2020-07-02T09:04:53.701Z
9205.5,9205.0,9205.5,9205.0,2020-07-02T09:05:03.177Z
9205.5,9205.0,9205.5,9205.0,2020-07-02T09:05:10.000Z
9205.5,9205.0,9205.5,9205.0,2020-07-02T09:05:20.977Z
9205.5,9205.0,9205.5,9205.0,2020-07-02T09:05:32.212Z
9206.5,9206.5,9207.0,9207.0,2020-07-02T09:05:43.146Z
9207.5,9207.0,9207.5,9207.0,2020-07-02T09:05:53.784Z
9207.0,9207.0,9207.5,9207.0,2020-07-02T09:06:03.710Z
9207.5,9207.0,9207.5,9207.0,2020-07-02T09:06:10.000Z
9207.0,9207.0,9207.5,9207.0,2020-07-02T09:06:21.753Z
9207.5,9207.0,9207.5,9207.0,2020-07-02T09:06:30.922Z
9207.0,9207.0,9207.5,9207.0,2020-07-02T09:06:40.321Z
9207.5,9207.0,9207.5,9207.0,2020-07-02T09:06:47.186Z
9207.5,9207.0,9207.5,9207.0,2020-07-02T09:07:01.169Z
9207.5,9207.0,9207.5,9207.0,2020-07-02T09:07:11.856Z
9207.5,9207.0,9207.5,9207.0,2020-07-02T09:07:23.657Z
9208.0,9208.0,9208.5,9208.0,2020-07-02T09:07:33.518Z
9211.0,9211.0,9211.5,9211.0,2020-07-02T09:07:43.136Z
9211.5,9211.0,9211.5,9211.0,2020-07-02T09:07:53.840Z
9211.5,9211.0,9211.5,9211.0,2020-07-02T09:08:04.314Z
9211.5,9211.0,9211.5,9211.0,2020-07-02T09:08:11.175Z
9211.5,9211.0,9211.5,9211.0,2020-07-02T09:08:23.519Z
9211.5,9211.0,9211.5,9211.0,2020-07-02T09:08:34.008Z
9211.5,9211.0,9211.5,9211.0,2020-07-02T09:08:41.395Z
9211.5,9211.0,9211.5,9211.0,2020-07-02T09:08:52.710Z
9211.5,9211.0,9211.5,9211.0,2020-07-02T09:08:59.229Z
9211.5,9211.0,9211.5,9211.0,2020-07-02T09:09:11.416Z
9211.0,9211.0,9211.5,9211.0,2020-07-02T09:09:23.335Z
9211.0,9211.0,9211.5,9211.0,2020-07-02T09:09:31.209Z
9211.5,9211.0,9211.5,9211.0,2020-07-02T09:09:44.564Z
9211.0,9211.0,9211.5,9211.0,2020-07-02T09:09:52.799Z
9211.5,9211.0,9211.5,9211.0,2020-07-02T09:10:03.173Z
9211.5,9211.0,9211.5,9211.0,2020-07-02T09:10:12.830Z
9209.0,9208.5,9209.0,9209.0,2020-07-02T09:10:20.747Z
9208.5,9208.5,9209.0,9209.0,2020-07-02T09:10:31.255Z
9209.0,9208.5,9209.0,9209.0,2020-07-02T09:10:44.321Z
9209.0,9208.5,9209.0,9209.0,2020-07-02T09:10:45.000Z
9209.0,9208.5,9209.0,9209.0,2020-07-02T09:11:00.111Z
9208.5,9208.5,9209.0,9209.0,2020-07-02T09:11:13.030Z
9208.5,9208.5,9209.0,9209.0,2020-07-02T09:11:20.937Z
9209.0,9208.5,9209.0,9209.0,2020-07-02T09:11:34.180Z
9208.5,9208.5,9209.0,9209.0,2020-07-02T09:11:44.024Z
9209.0,9208.5,9209.0,9209.0,2020-07-02T09:11:54.012Z
9208.5,9208.5,9209.0,9209.0,2020-07-02T09:12:03.011Z
9209.0,9208.5,9209.0,9209.0,2020-07-02T09:12:14.481Z
9209.0,9208.5,9209.0,9209.0,2020-07-02T09:12:20.000Z
9209.0,9208.5,9209.0,9209.0,2020-07-02T09:12:34.681Z
9209.0,9208.5,9209.0,9209.0,2020-07-02T09:12:44.436Z
9209.5,9209.0,9209.5,9209.0,2020-07-02T09:12:52.380Z
9210.5,9210.5,9211.0,9211.0,2020-07-02T09:13:03.365Z
9211.0,9210.5,9211.0,9211.0,2020-07-02T09:13:14.764Z
9210.5,9210.5,9211.0,9211.0,2020-07-02T09:13:24.450Z
9211.0,9210.5,9211.0,9211.0,2020-07-02T09:13:32.670Z
9211.0,9210.5,9211.0,9211.0,2020-07-02T09:13:44.015Z
9211.0,9210.5,9211.0,9211.0,2020-07-02T09:13:50.000Z
9212.0,9211.5,9212.0,9212.0,2020-07-02T09:14:04.145Z
9212.0,9211.5,9212.0,9212.0,2020-07-02T09:14:12.974Z
9212.0,9211.5,9212.0,9212.0,2020-07-02T09:14:23.556Z
9212.0,9211.5,9212.0,9212.0,2020-07-02T09:14:33.751Z
9211.5,9211.5,9212.0,9212.0,2020-07-02T09:14:42.041Z
9211.5,9211.5,9212.0,9212.0,2020-07-02T09:14:50.000Z
9211.5,9211.5,9212.0,9212.0,2020-07-02T09:15:04.999Z
9211.5,9211.5,9212.0,9212.0,2020-07-02T09:15:14.041Z
9211.5,9211.5,9212.0,9212.0,2020-07-02T09:15:22.203Z
9211.5,9211.5,9212.0,9212.0,2020-07-02T09:15:35.227Z
9211.5,9211.5,9212.0,9212.0,2020-07-02T09:15:42.804Z
9211.5,9211.5,9212.0,9212.0,2020-07-02T09:15:50.488Z
9212.0,9211.5,9212.0,9212.0,2020-07-02T09:16:03.211Z
9212.0,9211.5,9212.0,9212.0,2020-07-02T09:16:13.926Z
9211.5,9211.5,9212.0,9212.0,2020-07-02T09:16:22.573Z
9212.0,9211.5,9212.0,9212.0,2020-07-02T09:16:33.462Z
9211.5,9211.5,9212.0,9212.0,2020-07-02T09:16:43.821Z
9211.5,9211.5,9212.0,9212.0,2020-07-02T09:16:55.012Z
9211.5,9211.5,9212.0,9212.0,2020-07-02T09:17:03.359Z
9211.5,9211.5,9212.0,9212.0,2020-07-02T09:17:14.478Z
9212.0,9211.5,9212.0,9212.0,2020-07-02T09:17:23.452Z
9212.0,9211.5,9212.0,9212.0,2020-07-02T09:17:30.000Z
9212.0,9211.5,9212.0,9212.0,2020-07-02T09:17:40.000Z
9212.0,9211.5,9212.0,9212.0,2020-07-02T09:17:50.450Z
9212.0,9211.5,9212.0,9212.0,2020-07-02T09:18:01.189Z
9212.0,9211.5,9212.0,9212.0,2020-07-02T09:18:15.128Z
9211.0,9211.0,9211.5,9211.0,2020-07-02T09:18:20.580Z
9211.0,9211.0,9211.5,9211.0,2020-07-02T09:18:30.000Z
9211.0,9211.0,9211.5,9211.0,2020-07-02T09:18:30.000Z
9211.0,9211.0,9211.5,9211.0,2020-07-02T09:18:55.071Z
9211.5,9211.0,9211.5,9211.0,2020-07-02T09:19:02.856Z
9211.0,9211.0,9211.5,9211.0,2020-07-02T09:19:13.512Z
9211.0,9211.0,9211.5,9211.0,2020-07-02T09:19:20.915Z
9211.0,9211.0,9211.5,9211.0,2020-07-02T09:19:35.000Z
9211.5,9211.0,9211.5,9211.0,2020-07-02T09:19:45.000Z
9211.5,9211.0,9211.5,9211.0,2020-07-02T09:19:55.000Z
9211.5,9211.0,9211.5,9211.0,2020-07-02T09:20:05.171Z
9211.5,9211.0,9211.5,9211.0,2020-07-02T09:20:10.000Z
9211.0,9211.0,9211.5,9211.0,2020-07-02T09:20:25.000Z
9211.0,9211.0,9211.5,9211.0,2020-07-02T09:20:35.185Z
9211.0,9211.0,9211.5,9211.0,2020-07-02T09:20:45.330Z
9211.5,9211.0,9211.5,9211.0,2020-07-02T09:20:55.000Z
9211.0,9211.0,9211.5,9211.0,2020-07-02T09:21:05.000Z
9211.5,9211.0,9211.5,9211.0,2020-07-02T09:21:14.324Z
9211.5,9211.0,9211.5,9211.0,2020-07-02T09:21:25.000Z
9211.0,9211.0,9211.5,9211.0,2020-07-02T09:21:34.028Z
9211.5,9211.0,9211.5,9211.0,2020-07-02T09:21:45.000Z
9211.0,9211.0,9211.5,9211.0,2020-07-02T09:21:52.759Z
9211.0,9211.0,9211.5,9211.0,2020-07-02T09:22:05.000Z
9211.0,9211.0,9211.5,9211.0,2020-07-02T09:22:15.000Z
9210.5,9210.0,9210.5,9210.0,2020-07-02T09:22:25.000Z
9210.5,9210.0,9210.5,9210.0,2020-07-02T09:22:30.000Z
9210.5,9210.0,9210.5,9210.0,2020-07-02T09:22:45.000Z
9210.0,9210.0,9210.5,9210.0,2020-07-02T09:22:55.000Z
9210.5,9210.0,9210.5,9210.0,2020-07-02T09:23:05.654Z
9210.5,9210.0,9210.5,9210.0,2020-07-02T09:23:15.000Z
9210.0,9210.0,9210.5,9210.0,2020-07-02T09:23:24.327Z
9210.0,9210.0,9210.5,9210.0,2020-07-02T09:23:31.157Z
9210.5,9210.0,9210.5,9210.0,2020-07-02T09:23:45.604Z
9210.0,9210.0,9210.5,9210.0,2020-07-02T09:23:55.590Z
9210.0,9210.0,9210.5,9210.0,2020-07-02T09:24:05.000Z
9210.5,9210.0,9210.5,9210.0,2020-07-02T09:24:14.060Z
9210.0,9210.0,9210.5,9210.0,2020-07-02T09:24:24.197Z
9210.0,9210.0,9210.5,9210.0,2020-07-02T09:24:35.634Z
9210.5,9210.0,9210.5,9210.0,2020-07-02T09:24:45.000Z
9210.0,9210.0,9210.5,9210.0,2020-07-02T09:24:55.940Z
9210.5,9210.0,9210.5,9210.0,2020-07-02T09:25:05.444Z
9210.5,9210.0,9210.5,9210.0,2020-07-02T09:25:15.000Z
9210.0,9210.0,9210.5,9210.0,2020-07-02T09:25:23.942Z
9210.0,9210.0,9210.5,9210.0,2020-07-02T09:25:33.975Z
9210.0,9210.0,9210.5,9210.0,2020-07-02T09:25:43.967Z
9210.0,9210.0,9210.5,9210.0,2020-07-02T09:25:55.000Z
9210.0,9210.0,9210.5,9210.0,2020-07-02T09:26:00.834Z
9210.5,9210.0,9210.5,9210.0,2020-07-02T09:26:10.668Z
9210.0,9210.0,9210.5,9210.0,2020-07-02T09:26:25.000Z
9210.0,9210.0,9210.5,9210.0,2020-07-02T09:26:30.255Z
9210.5,9210.0,9210.5,9210.0,2020-07-02T09:26:45.000Z
9210.0,9210.0,9210.5,9210.0,2020-07-02T09:26:55.000Z
9210.0,9210.0,9210.5,9210.0,2020-07-02T09:27:05.691Z
9210.0,9210.0,9210.5,9210.0,2020-07-02T09:27:14.247Z
9210.5,9210.0,9210.5,9210.0,2020-07-02T09:27:25.000Z
9210.5,9210.0,9210.5,9210.0,2020-07-02T09:27:35.000Z
9210.5,9210.0,9210.5,9210.0,2020-07-02T09:27:45.960Z
9210.0,9210.0,9210.5,9210.0,2020-07-02T09:27:50.000Z
9210.5,9210.0,9210.5,9210.0,2020-07-02T09:28:05.848Z
9210.0,9210.0,9210.5,9210.0,2020-07-02T09:28:15.000Z
9210.0,9210.0,9210.5,9210.0,2020-07-02T09:28:23.873Z
9210.5,9210.0,9210.5,9210.0,2020-07-02T09:28:36.364Z
9210.0,9210.0,9210.5,9210.0,2020-07-02T09:28:37.884Z
9210.0,9210.0,9210.5,9210.0,2020-07-02T09:28:51.897Z
9210.0,9210.0,9210.5,9210.0,2020-07-02T09:29:05.000Z
9210.0,9210.0,9210.5,9210.0,2020-07-02T09:29:15.000Z
9210.0,9210.0,9210.5,9210.0,2020-07-02T09:29:23.170Z
9210.0,9210.0,9210.5,9210.0,2020-07-02T09:29:35.709Z
9210.0,9210.0,9210.5,9210.0,2020-07-02T09:29:45.000Z
9207.5,9207.5,9208.0,9208.0,2020-07-02T09:29:51.993Z
9207.5,9207.5,9208.0,9208.0,2020-07-02T09:30:05.000Z
9208.0,9207.5,9208.0,9208.0,2020-07-02T09:30:16.205Z
9207.5,9207.5,9208.0,9208.0,2020-07-02T09:30:23.844Z
9207.5,9207.5,9208.0,9208.0,2020-07-02T09:30:35.000Z
9207.5,9207.5,9208.0,9208.0,2020-07-02T09:30:45.000Z
9207.5,9207.5,9208.0,9208.0,2020-07-02T09:30:55.000Z
9207.5,9207.5,9208.0,9208.0,2020-07-02T09:31:05.000Z
9207.5,9207.5,9208.0,9208.0,2020-07-02T09:31:15.000Z
9207.5,9207.5,9208.0,9208.0,2020-07-02T09:31:25.000Z
9207.5,9207.5,9208.0,9208.0,2020-07-02T09:31:33.204Z
9207.5,9207.5,9208.0,9208.0,2020-07-02T09:31:45.000Z
9208.0,9207.5,9208.0,9208.0,2020-07-02T09:31:52.997Z
9207.5,9207.5,9208.0,9208.0,2020-07-02T09:32:03.332Z
9207.5,9207.5,9208.0,9208.0,2020-07-02T09:32:15.584Z
9207.5,9207.5,9208.0,9208.0,2020-07-02T09:32:15.584Z
9207.5,9207.5,9208.0,9208.0,2020-07-02T09:32:35.000Z
9207.5,9207.5,9208.0,9208.0,2020-07-02T09:32:45.220Z
9208.0,9207.5,9208.0,9208.0,2020-07-02T09:32:55.441Z
9207.5,9207.5,9208.0,9208.0,2020-07-02T09:33:00.467Z
9208.0,9207.5,9208.0,9208.0,2020-07-02T09:33:16.621Z
9208.0,9207.5,9208.0,9208.0,2020-07-02T09:33:26.757Z
9207.5,9207.5,9208.0,9208.0,2020-07-02T09:33:35.000Z
9207.5,9207.5,9208.0,9208.0,2020-07-02T09:33:46.030Z
9207.5,9207.5,9208.0,9208.0,2020-07-02T09:33:52.195Z
9207.5,9207.5,9208.0,9208.0,2020-07-02T09:34:05.000Z
9207.5,9207.5,9208.0,9208.0,2020-07-02T09:34:16.458Z
9207.5,9207.5,9208.0,9208.0,2020-07-02T09:34:25.720Z
9207.5,9207.5,9208.0,9208.0,2020-07-02T09:34:35.000Z
9207.5,9207.5,9208.0,9208.0,2020-07-02T09:34:45.000Z
9207.5,9207.5,9208.0,9208.0,2020-07-02T09:34:55.593Z
9207.5,9207.5,9208.0,9208.0,2020-07-02T09:35:05.003Z
9207.5,9207.5,9208.0,9208.0,2020-07-02T09:35:15.000Z
9208.0,9207.5,9208.0,9208.0,2020-07-02T09:35:26.255Z
9206.5,9206.0,9206.5,9206.0,2020-07-02T09:35:36.543Z
9205.5,9205.0,9205.5,9205.0,2020-07-02T09:35:45.495Z
9204.5,9204.5,9205.0,9205.0,2020-07-02T09:35:55.336Z
9204.5,9204.5,9205.0,9205.0,2020-07-02T09:36:04.530Z
9204.5,9204.5,9205.0,9205.0,2020-07-02T09:36:15.000Z
9204.5,9204.5,9205.0,9205.0,2020-07-02T09:36:20.000Z
9204.5,9204.5,9205.0,9205.0,2020-07-02T09:36:35.000Z
9204.5,9204.5,9205.0,9205.0,2020-07-02T09:36:35.000Z
9204.5,9204.5,9205.0,9205.0,2020-07-02T09:36:51.474Z
9204.5,9204.5,9205.0,9205.0,2020-07-02T09:37:05.000Z
9204.5,9204.5,9205.0,9205.0,2020-07-02T09:37:05.000Z
9204.5,9204.5,9205.0,9205.0,2020-07-02T09:37:24.453Z
9204.0,9204.0,9204.5,9204.0,2020-07-02T09:37:35.000Z
9204.5,9204.0,9204.5,9204.0,2020-07-02T09:37:46.740Z
9203.5,9203.0,9203.5,9203.0,2020-07-02T09:37:56.975Z
9200.0,9202.0,9202.5,9202.0,2020-07-02T09:38:05.090Z
9200.0,9200.0,9200.5,9200.0,2020-07-02T09:38:13.233Z
